lat,long,closest city,country code,temp,humidity,cloudiness,wind speed
8.918050832050582,84.95559371265898,batticaloa,lk,84.29,71,54,3.83
-39.33948564808869,26.073336041051164,port elizabeth,za,55.69,82,0,10.36
-76.08787810574891,157.53454906407535,bluff,nz,54.73,68,98,14.43
-4.894565444012642,5.401483313886871,omboue,ga,74.79,85,100,3.36
-81.26603983683974,25.806061762187426,bredasdorp,za,51.12,82,0,5.75
-69.12887193037,71.02659557622039,saint-philippe,re,62.2,80,43,12.77
22.93050288679669,-80.80512740860878,marti,cu,79.45,86,11,7.2
64.11276874721239,-34.88002630865819,tasiilaq,gl,35.76,69,34,5.01
27.01843579575946,-123.53169605576736,lompoc,us,62.74,84,75,10.36
88.32990325640401,-97.84848553215578,qaanaaq,gl,10.53,81,18,7.85
-5.336865287318616,-0.8459313278885077,takoradi,gh,74.73,93,100,6.31
21.293007042124472,59.18694585287707,sur,om,83.03,68,0,6.15
-39.11990282438987,-48.90315115404263,chuy,uy,62.47,99,100,4.72
85.68059684715749,117.15176929772468,saskylakh,ru,32.34,81,100,8.21
31.15223984370155,45.85450427137195,mehran,ir,74.68,19,0,7.56
-10.704440020581984,-65.97469857420631,riberalta,bo,78.96,62,98,2.37
-37.85627875462293,-45.59511658177948,rio grande,br,66.94,99,100,12.12
1.745943128485436,-50.17109858265144,amapa,br,70.77,99,68,2.44
-69.75703875672097,-177.6562748143803,vaini,to,77.16,73,20,13.8
-3.8605851608949706,-23.83531863508466,georgetown,sh,82.35,78,20,0
-46.30353177957966,78.3191068271426,mahebourg,mu,66.49,72,20,5.75
-20.163146830709948,33.070921383848315,chipinge,zw,52.41,73,5,3.51
57.39721696176778,145.56529319603482,okhotsk,ru,52.5,55,100,7.52
-76.5826586709216,137.661864420389,hobart,au,50.29,67,75,5.99
76.16691702498045,-65.08889250723334,narsaq,gl,41.22,86,79,3.18
37.14686722943931,148.28273261513232,kamaishi,jp,74.35,60,99,4.9
-70.09821778094798,-41.53556436890534,ushuaia,ar,40.66,75,75,23.02
18.180742234173536,-32.00709584662229,ponta do sol,cv,70.34,74,53,5.79
-16.77734314410712,-43.16030295811504,grao mogol,br,66.97,49,9,1.81
60.62930107777015,165.43688715977737,tilichiki,ru,48.06,89,100,12.15
-44.994522988087354,163.4341180379477,te anau,nz,45.07,94,100,5.55
-7.607161537083627,23.234670242024492,mwene-ditu,cd,66.18,82,98,3.6
10.33788648277364,-35.501313955374286,sao filipe,cv,79.47,84,100,9.15
-44.64896403752007,-149.4824764323287,mataura,pf,58.98,56,78,8.72
-70.15656199216815,-96.19569679977705,punta arenas,cl,41.11,70,20,18.41
40.794695335444345,137.1514451998458,oga,jp,40.95,98,100,6.15
-34.18669124707998,120.96707980677553,esperance,au,57.04,55,19,13.02
58.635713789496975,39.257034166192824,poshekhonye,ru,34.77,79,100,12.44
-8.700025203620356,-106.41166548356784,puerto ayora,ec,67.55,95,49,1.01
69.69658276977509,77.94947489348783,tazovskiy,ru,31.42,82,44,20.49
-68.05219042173619,-9.123804630828175,cape town,za,58.41,82,75,5.01
64.0564329030532,106.95136509704469,yerbogachen,ru,48.96,76,99,2.95
-56.88864254564456,45.93476290457292,east london,za,59.76,83,21,12.06
-59.00997288484234,103.94442667852587,albany,au,53.49,88,0,2.82
29.939844820224152,100.64916964600076,yaan,cn,72.39,97,82,5.75
-44.08978403937541,-87.526582023822,castro,cl,65.28,83,100,4.21
87.12658170688053,21.69581713157521,longyearbyen,sj,37.24,100,90,0
32.18316737981473,36.27867658509999,sabha,jo,79.03,26,0,11.14
-17.573168887976763,-144.90945971278512,tautira,pf,80.62,79,60,15.39
-10.10265730498324,20.759995204151636,saurimo,ao,63.66,82,91,4.21
-31.93380833022814,-55.22675710714566,tacuarembo,uy,64.4,98,100,8.93
26.90747105897394,42.540652375399816,buraydah,sa,81.05,22,2,8.84
40.32222675657232,19.4538755542917,orikum,al,74.32,83,1,18.12
-5.7001504795043445,-74.28982565334509,requena,pe,56.75,75,13,1.34
-56.20576893283269,-45.36044219417067,mar del plata,ar,55.42,100,90,5.75
-36.65026067732244,131.31838381476678,flinders,au,76.71,34,0,8.99
88.34016658115684,-149.60018466496638,barrow,us,30.22,86,75,16.11
68.36643477006746,-49.371792017571664,qasigiannguit,gl,25.05,72,100,5.03
-35.115606769614544,-7.516317701130674,jamestown,sh,57.99,74,1,1.99
18.863139111551547,-146.18725431817003,hilo,us,76.75,78,90,4.61
79.25483401751217,-125.7117913880426,tuktoyaktuk,ca,42.8,61,20,9.22
41.9615101039073,124.25173560610546,fushun,cn,64.11,92,100,8.1
61.159048066706674,32.71450751831398,ilinskiy,ru,40.93,93,75,17.9
10.356367288058706,-167.26022951649855,kapaa,us,78.89,73,75,3
47.37520850896448,-20.123830968030973,dingle,ie,83.26,78,91,6.33
40.81471131085925,-6.936947165323261,guarda,pt,51.35,68,15,5.3
-44.5261957774508,106.31538546463725,busselton,au,58.05,53,0,13.18
33.2500838650471,36.140306676388064,qatana,sy,60.6,43,0,2.98
18.762876476518713,110.60501352230489,wanning,cn,87.28,67,7,7.76
42.70696779960085,-33.11681610668609,ribeira grande,pt,69.62,68,25,11.92
-47.300115807801845,-141.67426986088228,rikitea,pf,74.01,77,10,13
88.01746372661322,129.56028045183024,tiksi,ru,34.92,69,90,18.54
61.342632013587036,-113.0277268665841,yellowknife,ca,43.32,81,40,5.75
-12.041956889717511,22.530515727851025,luau,ao,65.75,76,49,1.57
40.09593730320674,-61.414824809542125,halifax,ca,51.87,80,0,5.75
30.354477387928497,-76.60387491674142,marsh harbour,bs,83.16,74,84,9.73
4.274909402637178,28.21109784654095,yambio,sd,66.7,98,50,2.35
13.317819210897696,97.65392517087446,dawei,mm,81.7,82,100,3.15
-8.412256072397298,-130.20485327541417,atuona,pf,78.24,75,13,21.07
-75.80628986401942,4.324557520116116,hermanus,za,55.9,83,31,18.25
-16.636076927190004,-157.43540705166814,avarua,ck,78.85,73,37,12.66
-84.51479852651674,41.445331100357635,port alfred,za,57.81,88,51,11.95
-76.59845878478073,177.4113705507487,kaitangata,nz,59,55,95,3.47
-22.80585373768865,65.22079901310121,bambous virieux,mu,66.45,72,20,5.75
-16.701332569336927,109.80145396860183,karratha,au,90.23,13,24,23.22
-27.803865399300292,162.30842042849696,noumea,nc,76.98,56,3,20.51
42.758778444719525,69.3008620119881,shymkent,kz,55.99,41,0,2.24
67.36973288218863,-123.65734887349112,norman wells,ca,44.64,76,75,6.91
-15.557381828853707,170.62498082108345,vila,vu,49.35,86,56,5.95
18.83066997101143,-83.76861451562857,west bay,ky,83.8,82,20,1.01
55.76348350697259,-6.390397342847507,bowmore,gb,74.25,77,1,3.44
45.623923890382315,-46.7299558130926,torbay,ca,54.36,97,90,27.63
27.954399337206766,-92.32206781432721,abbeville,us,60.53,98,100,5.26
-21.990668156838694,21.80320914630613,ghanzi,bw,65.73,37,6,3.22
-32.8701007680678,-53.4848401730964,rio branco,uy,77.61,83,0,2.3
-20.04050376452662,-50.75988023105563,santa fe do sul,br,80.38,28,27,3.22
45.11702075882815,19.71720818958528,beocin,rs,60.08,72,98,5.73
66.64629512285339,135.4178630654224,batagay,ru,34.92,69,71,3.49
18.448148498096472,138.29614049415062,airai,pw,76.96,34,11,6.89
-3.8922968454263014,52.04588267750452,victoria,sc,86.32,84,14,5.97
-16.022828170128818,15.49238583410812,ondjiva,ao,65.05,29,19,6.58
23.15150783758503,175.6955581637414,butaritari,ki,83.26,65,4,11.83
-14.549403294218791,-147.06176743957218,tiarei,pf,80.62,78,18,16.2
68.20118908886874,94.1597847102002,talnakh,ru,34.77,75,100,10.85
-19.75794300483092,37.31660103321411,quelimane,mz,57.15,100,0,1.14
14.932699204903813,89.97917689831212,port blair,in,83.91,73,100,5.7
41.1862496130463,-157.38327312117414,kodiak,us,51.31,76,1,9.22
3.081056422677264,125.21804638487663,bitung,id,94.05,74,51,7.61
58.10886547845098,117.10132677695822,chara,ru,55.45,50,48,1.59
-31.43204259858738,40.52858657789449,beloha,mg,59.23,80,0,9.17
-26.08226113887457,-45.223647197411395,sao sebastiao,br,70.59,93,100,5.97
-9.746122766342893,86.91735934215313,padang,id,81.75,71,87,2.24
-34.67108709782043,-69.94112869975406,machali,cl,47.61,88,8,3.02
44.36403090831851,-102.0658124460298,rapid valley,us,57.45,70,75,1.99
8.255271470230625,154.22106179041748,kavieng,pg,84.04,70,97,6.31
1.926288235765142,40.10663633977367,wajir,ke,72.28,72,36,13.35
85.00224668184723,34.50565416453978,vardo,no,43,75,100,25.84
-33.113263690271964,-27.17299924412285,arraial do cabo,br,71.65,88,100,12.39
55.17373258648806,-38.96287756479282,nanortalik,gl,36.59,90,44,9.78
67.89620669075538,-172.88751955868713,lavrentiya,ru,33.57,62,74,13.15
6.226992838410283,59.766633359869246,bandarbeyla,so,78.03,77,100,21.45
-26.434634320718807,144.02986578427289,roma,au,55.36,91,1,3.44
73.2419174084437,4.659555032534769,sorland,no,50.88,76,100,15.95
86.20836400203888,29.72969515622495,mehamn,no,39.15,81,0,9.22
-15.13224784531134,-165.52812431570635,alofi,nu,80.49,74,3,8.05
47.18803946212506,-73.75687730133947,saint-michel-des-saints,ca,47.75,79,2,1.59
16.026253310888137,-55.382659244947135,bathsheba,bb,77.61,83,20,2.3
69.70548925770407,69.70906523828813,yar-sale,ru,32.52,89,34,19.22
-11.60779231044421,38.38737313655355,masuguru,tz,69.98,68,39,5.7
-21.409672737928418,150.85062603354606,mackay,au,75.18,60,13,11.5
33.506668906662924,16.05024632068219,misratah,ly,82.53,43,0,10.2
28.766296988059125,54.02485957609824,fasa,ir,65.44,34,0,4.61
70.3771472377554,-85.56335216066698,clyde river,ca,28.54,61,85,2.68
21.906349599859325,-81.03877068926225,aguada de pasajeros,cu,77.14,87,6,5.73
61.85528353821641,95.64902198868481,baykit,ru,46.31,90,98,2.19
-5.170673483874268,-65.51213738389454,carauari,br,76.37,79,11,0.78
7.9247371500739945,-119.4000039254347,cabo san lucas,mx,83.48,81,8,3.27
65.92389435193166,-179.2784469221281,egvekinot,ru,28.26,60,0,2.24
53.87055831544484,-127.53266009366489,smithers,ca,50.32,93,75,0
-16.52898026092963,154.93475981667893,samarai,pg,79.34,88,100,15.3
55.185060496427894,47.288445171065064,buinsk,ru,30.09,82,99,6.4
77.62982642922415,-144.98407773546427,college,us,47.32,63,75,0
32.38208607180155,89.42676638249196,lasa,cn,49.96,96,100,6.11
53.57600958731234,26.985409718706137,dzerzhinsk,by,39.02,75,0,11.18
58.33278074816468,37.91620057204506,breytovo,ru,40.21,77,100,17.63
54.18099931017258,145.49656775624106,ekhabi,ru,54.61,48,31,24.47
-27.450213529804216,25.394363185938488,bloemhof,za,56.52,70,8,6.15
-17.025449559640776,57.796489394466334,cap malheureux,mu,65.46,65,32,4
-23.307819308721974,45.64742494161203,ihosy,mg,53.51,92,40,8.72
42.122630591154376,-165.94475346712446,bethel,us,58.23,88,1,4.61
60.67949021889521,-5.953270321301574,vagur,fo,52.52,88,45,23.31
40.81346565891397,-119.5188535489628,susanville,us,56.82,40,32,1.01
-42.68298390525141,69.91212022995325,souillac,mu,66.58,72,20,5.75
30.759601364981478,-110.34337599428437,cananea,mx,76.69,63,0,4.61
63.0438275150926,11.446492363761365,roros,no,40.84,75,90,9.22
-20.61558585769893,7.014894897874484,opuwo,na,63.52,34,5,3.44
0.4946907148626849,104.40788370069419,kijang,id,78.53,77,100,9.13
42.55466569363804,146.52971046850968,nemuro,jp,70.23,66,36,5.88
47.13251947028439,5.888664697774146,besancon,fr,52.36,100,100,1.19
-17.72751342517256,172.97385123492046,isangel,vu,78.91,53,75,9.22
-30.235468444139435,107.25768761510938,geraldton,au,75.61,38,0,20.71
48.81192854550136,173.83600841257498,nikolskoye,ru,40.89,81,100,9.04
57.31138856047775,3.714776746908626,varhaug,no,50.59,64,92,15.05
22.597954702899585,-21.8351720506532,nouadhibou,mr,76.98,78,0,12.66
-47.54824797471151,165.41323920826255,tuatapere,nz,49.8,79,100,9.31
0.08071776984073153,125.2838847800935,tondano,id,86.09,70,74,1.52
-38.66610140517433,-68.19820573503598,neuquen,ar,46.29,53,0,3.44
50.2040674885983,147.4287164471653,vostok,ru,58.28,36,43,4.63
1.6177771112832886,-53.693709740268545,camopi,gf,71.19,99,37,2.04
41.36336620778468,123.02720933359677,liaoyang,cn,64.72,92,100,12.15
-7.776817154179085,140.79459754320612,merauke,id,80.67,79,99,11.61
25.49780438783384,-90.50662418655672,houma,us,77.16,93,1,4.9
56.55245362405756,122.99008217116966,neryungri,ru,47.14,67,99,3.13
61.33505026903006,83.63921060735458,togur,ru,36.09,95,100,8.97
6.130371021973701,149.11902510742505,lorengau,pg,85.14,68,65,7.2
56.111576341299525,-124.04903100477492,mackenzie,ca,50.22,87,90,4.61
19.29106738250138,1.3344358129023135,kidal,ml,86.85,18,16,4.09
61.63829547091163,25.346088012152904,jamsa,fi,41.77,70,100,8.75
-10.639612265008765,118.67244631013682,waingapu,id,87.93,51,85,17.47
65.31854672659878,-139.32289504198187,mayo,ca,64,89,1,1.01
33.11672058143476,13.16371317405293,tripoli,ly,85.37,36,0,7.4
65.34528254317416,166.1665911513781,bilibino,ru,27.99,61,98,4.47
54.03128036144568,22.941800793347653,suwalki,pl,39.04,97,100,11.52
41.53170308101923,85.50844683955523,korla,cn,81.46,17,0,3.36
47.0642771427392,47.13742418802224,yenotayevka,ru,58.77,61,100,11.3
-3.172785058273888,28.818324612871976,uvira,cd,73.76,63,54,3.38
70.42432981631185,74.91256843931765,pangody,ru,31.86,87,100,21.34
60.0225185303178,148.21421046630138,ust-omchug,ru,43,72,100,9.71
27.775089273537787,-50.441798624588245,saint george,bm,82.38,16,1,5.75
-43.004016087615796,176.3623085075701,waipawa,nz,59.45,62,60,5.01
-28.48297420648099,23.368011305823615,danielskuil,za,52.09,21,81,6.89
59.93996629721832,139.03741708724812,solnechnyy,ru,63.27,29,1,4.07
-9.98759627448905,24.024552002726466,kamina,cd,61.7,89,100,2.62
-34.48217895769608,146.56164422561045,leeton,au,53.65,66,90,12.66
6.0474840053979335,-90.47314776199438,santa cruz,cr,81.86,65,65,10.36
48.35848601259005,43.64955915984012,kalach-na-donu,ru,56.52,82,100,15.35
83.71987825381501,75.26403046603659,dikson,ru,35.28,76,100,17.69
11.650945338843627,-55.161689545029134,oistins,bb,77.09,83,20,2.3
61.358904204582586,101.79755619763273,vanavara,ru,50.86,71,100,6.06
56.19553116517804,-132.49849061784715,ketchikan,us,55.87,88,75,6.91
72.42959191433178,-96.43332627722882,thompson,ca,53.76,76,90,12.66
4.275303400119498,4.466912005713084,warri,ng,75.45,91,84,3.42
-9.680703868160776,-149.2133631651433,fare,pf,78.53,72,13,16.93
63.842116385696755,-71.54592621457743,iqaluit,ca,28.13,86,40,6.91
-24.616710733580348,-93.9819933689356,pisco,pe,60.85,82,75,12.66
49.83184550378323,114.9200051010481,nizhniy tsasuchey,ru,61.02,43,91,9.26
14.962936768261741,-13.724670258637445,ourossogui,sn,86.27,46,13,10.16
7.0039695375693185,-64.39863985740824,ciudad bolivar,ve,76.59,87,86,1.45
68.0693541759899,147.65890855571126,belaya gora,ru,34.16,54,100,13.11
78.0330159570934,145.46233120464558,chokurdakh,ru,33.85,55,81,10.16
35.27286765602605,-118.41691052404495,tehachapi,us,60.87,70,0,11.99
16.2339123502302,104.35420621408718,kuchinarai,th,82.02,76,100,9.57
57.751263636892446,90.97894965373246,novobirilyussy,ru,44.78,69,63,9.82
-11.149891925404873,52.40543725455967,sambava,mg,71.49,81,100,13.53
34.7199074790921,37.52455455885183,salamiyah,sy,68.74,57,0,5.32
48.30462747150406,179.24301265243156,beringovskiy,ru,35.58,87,100,3.36
-17.20036132715525,40.94277695086697,angoche,mz,71.24,66,60,10.2
29.847487876107806,-18.971939440703892,los llanos de aridane,es,67.12,83,75,6.91
4.971415956207025,123.24514814394638,palimbang,ph,77.59,86,100,0.49
79.50340988191292,169.02973645079283,pevek,ru,30.74,69,71,2.75
54.912627460143824,-69.344461774712,port-cartier,ca,48.7,68,12,5.26
37.041317383319665,-123.57379880566042,half moon bay,us,60.93,84,20,1.99
-25.464606480733494,97.80202064407746,carnarvon,au,86.07,9,0,21.85
6.930895121928913,65.36527073022927,kulhudhuffushi,mv,82.24,77,68,9.73
52.18716039120204,-1.8455592859133958,redditch,gb,49.14,93,31,6.82
50.065158403969576,-102.84945515620245,grenfell,ca,63.68,43,4,20.56
-11.615671208006049,18.40771472739391,camacupa,ao,62.44,71,9,2.15
-52.34700959971583,-67.56895364589522,rio gallegos,ar,44.65,65,0,12.66
-15.86578342591909,27.249188037389956,monze,zm,61.16,60,0,4.81
-9.209586514361234,26.93313868350893,bukama,cd,73.08,59,96,1.95
69.35877776704908,-1.297566848341205,klaksvik,fo,50.92,88,40,21.3
49.286467403269654,-132.52877430189855,port hardy,ca,55.58,100,75,3.44
-69.82452973429679,127.12568530714623,new norfolk,au,46.9,72,49,4
-30.61735040156718,164.1316609866917,vao,nc,67.69,67,83,16.53
20.246722958607222,0.052282458977629176,tessalit,ml,87.26,11,0,11.68
48.638171974477245,-28.241719659373842,lagoa,pt,69.37,62,99,10.45
72.24805560476335,-61.892388732565735,upernavik,gl,25.5,66,97,9.37
22.93837056759736,-157.04366531485726,kailua,us,80.62,71,40,14.97
-44.129321897688115,131.20090001582855,port lincoln,au,54.25,58,100,25.03
-31.071013428084918,151.34085862941032,tamworth,au,50.04,89,6,3
42.54790761660436,122.50245569469422,xinmin,cn,60.3,93,100,11.88
12.27247225448788,-130.72696314508963,guerrero negro,mx,68.99,79,0,15.84
-37.4755934469223,141.31953423396885,mount gambier,au,51.71,54,75,27.63
20.380946598407334,-96.79488917799026,nautla,mx,79.39,84,38,6.29
-4.567011707201047,21.49189457080365,mweka,cd,64.24,96,59,1.39
-2.2828068043390033,-55.434260893809125,obidos,br,74.46,87,58,2.26
67.76966087648859,125.58465370430457,zhigansk,ru,37.17,60,16,10.63
75.72684581266489,-48.145219383250634,ilulissat,gl,24.82,54,100,10.36
44.55602508774081,48.254767216413256,kaspiyskiy,ru,65.7,76,100,8.79
65.97116804758085,-18.13162316051526,akureyri,is,44.53,87,90,1.14
-13.899459812467256,45.28826958966627,chirongui,yt,76.93,81,99,13.38
-10.988175806795184,66.56457651967133,hithadhoo,mv,83.1,72,48,6.73
-14.224217872114295,34.811818678076236,monkey bay,mw,69.4,63,0,13.76
61.56824944224695,35.630761605211234,sheltozero,ru,40.51,72,71,11.9
24.69061350762736,98.55692525688869,myitkyina,mm,83.12,74,73,0.92
-38.112095558161585,-74.91159369581653,lebu,cl,46.87,84,1,15.23
25.215385663391345,-6.879145529470094,taoudenni,ml,93.07,19,1,23.02
31.077194667535963,-113.90742093771843,puerto penasco,mx,84.9,77,20,7
53.509322205618304,-122.34701160178118,quesnel,ca,52.3,87,90,4.61
17.04978900197959,-63.392217620869474,oranjestad,an,82.35,78,20,13.8
53.43460543596839,123.13734585434577,urusha,ru,58.64,60,34,4.99
12.19699136171343,-76.11114025507125,puerto colombia,co,81.54,79,99,13.67
44.4016307270407,17.705270972411142,blatnica,ba,57.61,98,69,1.81
39.9429327130201,14.316116547629093,sorrento,it,71.26,3,9,12.64
31.699928645126533,-24.03805723092765,vila franca do campo,pt,68.41,78,30,8.08
-18.174311978422097,158.78392797845117,poum,nc,72.48,60,25,12.91
-30.340798584301453,-22.416666974340245,vila velha,br,75.15,88,75,6.91
-12.145421245588693,-31.467087660215924,maragogi,br,73.85,81,74,6.62
50.59547298192069,-108.49652506230571,gull lake,ca,55.76,43,38,2.3
79.78650345330126,163.20599514065702,cherskiy,ru,36.27,46,99,9.86
-6.031009469360882,35.29029190711603,kintinku,tz,67.75,58,35,4.07
-59.0574916609719,178.34906551094298,dunedin,nz,58.8,61,62,13
-12.757768604897564,35.61666072030718,lichinga,mz,53.42,79,0,4.16
65.82991462817031,79.35668044109298,urengoy,ru,33.53,96,100,16.84
27.845417830133343,-69.74467236249663,cockburn town,bs,82.78,76,84,16.37
63.67590331205372,-143.22351419775606,fairbanks,us,47.26,63,75,2.3
11.92308542869975,-8.010038392658402,kangaba,ml,74.52,87,14,3.22
0.14249426258595577,-47.180342964829265,salinopolis,br,79.12,82,65,10.49
-16.589808390424167,-45.31903730586038,sao francisco,br,75.92,34,13,0.72
3.985823796433735,63.864077984173605,mahibadhoo,mv,82.78,74,89,8.75
43.718160900139225,-112.83412873377851,blackfoot,us,48.36,57,35,15.5
-0.9453248617547558,113.49453065267687,sampit,id,88.99,51,48,4.7
36.90025364687642,-4.281245670129664,rincon de la victoria,es,70.54,84,1,3.76
52.24549303411436,38.498909301898834,terbuny,ru,53.35,96,100,11.45
18.063088661926443,-99.23157275911942,copalillo,mx,71.91,92,94,1.28
27.803660320550833,132.89736708200604,naze,jp,83.32,65,6,3.67
42.142455409893785,30.69996016829171,eregli,tr,65.68,48,2,3.56
28.11926429601479,76.23713478270213,ateli,in,82.15,79,0,9.6
-12.085924919547281,-157.1668898652304,faanui,pf,78.53,74,71,17.67
43.854694037576564,-90.83854798221554,onalaska,us,73.6,78,1,8.05
26.302821114552685,-86.40585978900837,panama city,us,78.64,93,20,5.75
-13.600057832293686,96.79291129837475,bengkulu,id,80.98,71,46,1.95
-2.8106767750001183,136.54289888620752,nabire,id,82.67,70,100,2.01
14.065381054512386,-83.5282583375205,puerto cabezas,ni,77.74,89,35,6.35
71.52967837457928,-10.346924999989426,hofn,is,51.37,97,100,31.03
-18.653718191647144,54.43777989433718,le port,re,59.09,64,11,3.02
52.26584032631425,140.1385892244973,bogorodskoye,ru,38.25,86,100,18.19
-27.859302961077518,-155.30811561434848,avera,pf,74.59,81,100,6.55
1.1006241705178468,-33.90979454557126,touros,br,77.9,72,75,15.3
56.6874362903813,132.99379271549634,chumikan,ru,56.97,43,27,14.99
76.10706389444627,41.899211957825685,ostrovnoy,ru,36.52,77,3,7.94
65.49493943991726,-153.51161921348796,kenai,us,54.88,54,1,4.61
61.74168781765465,60.109492463650525,polunochnoye,ru,33.06,91,94,8.3
45.34905284050876,-110.48246014450802,livingston,us,44.67,95,0,1.14
44.42030259726485,-68.43087025808661,ellsworth,us,51.75,88,1,1.01
-50.720199671700676,-53.88412091645786,necochea,ar,52.03,90,100,10.76
-15.77212935311087,54.15072383652216,antalaha,mg,70.77,78,98,10.89
-42.01846974177341,173.31599271537897,brightwater,nz,63.68,65,69,6.24
43.99212628140489,-6.772767270475157,castrillon,es,52.21,97,74,0.94
-21.615020104018186,128.98074247082275,yulara,au,73.24,21,6,21.85
34.1343673772313,-136.7617603605836,fortuna,us,58.12,88,1,11.5
54.59493865791973,124.33316288250535,never,ru,55.15,98,100,9.24
43.71193165434019,22.34535472082632,zajecar,rs,56.05,77,5,2.3
-26.08636432591838,41.67096984480051,ampanihy,mg,57.09,85,0,8.63
24.74940336768597,-16.0377528901752,santa lucia,es,64.81,71,20,12.66
63.069907458968686,58.48799119497093,vuktyl,ru,34.88,77,97,11.41
40.49637723796974,98.27969245967353,jiayuguan,cn,75.76,13,4,13.91
-17.83388723432681,-33.310916742743075,prado,br,71.46,86,25,6.02
34.689727294274164,-51.255061353140405,saint-pierre,pm,63.25,66,20,8.05
38.922903048854494,-111.33598504348359,price,us,66.61,30,90,13.8
-15.28593106579406,-30.407729554658914,coruripe,br,72.88,86,19,8.57
56.35291519010141,-6.26813670302289,tobermory,gb,63.3,63,0,11.65
-17.284683287433978,24.564122237048906,sesheke,zm,68.76,37,5,7.58
-9.794494878380235,170.87977238733822,lata,sb,60.26,95,32,2.68
-51.08752403995636,-31.13799409244507,cidreira,br,66.58,97,100,19.37
10.489504953656706,-4.129125234066549,banfora,bf,72.81,91,12,3.2
69.69707372106294,1.2004791698273323,roald,no,54.12,100,90,2.3
-3.2628537442487016,-71.11996630601753,puerto narino,co,76.8,79,91,2.75
29.169062804569876,141.33887779424123,shimoda,jp,77.36,55,0,15.86
54.45982623394147,87.81848765579036,chistogorskiy,ru,44.64,81,99,11.97
11.518513463354694,112.56499643123215,cam ranh,vn,84.16,74,20,5.75
-7.782349620734024,-83.65906768120514,sechura,pe,63.81,79,10,14.74
36.076116317726914,101.96953818182016,xining,cn,55.9,47,0,1.59
43.92915480812141,47.19794173178289,pervomayskoye,ru,62.01,78,87,1.88
57.08537649807806,-28.68544883864081,grindavik,is,50.47,100,75,16.11
9.898203883378542,-69.79911675802325,el tocuyo,ve,75.06,89,80,4.65
40.71773262064406,-89.5434603033837,peoria,us,75.49,64,100,11.41
37.17910071885936,139.95496631084302,kuroiso,jp,72.43,47,18,3.29
64.24108458194203,-1.0498112576589733,brae,gb,53.51,91,3,12.28
63.055809002933245,85.05260696016853,krasnoselkup,ru,39.74,89,100,10.83
46.20790633309113,26.345856551288705,slanic-moldova,ro,46.06,95,17,2.93
-14.992224205863195,-44.966980059693896,januaria,br,75.92,34,10,3.24
-18.50609726832677,16.53535484802191,ondangwa,na,66.76,29,86,8.01
71.02296824262137,-137.09248719351413,aklavik,ca,45.43,58,12,5.95
-10.790430130835375,13.155689043021283,sumbe,ao,70.61,88,95,7.87
55.67990718841483,15.040050343491146,karlshamn,se,39.69,65,100,8.86
-9.189034320584923,-56.29805833457365,alta floresta,br,78.15,38,37,1.5
2.3774410764297613,-77.20363438965462,argelia,co,66.04,96,100,2.46
77.84233929711274,23.393237706203905,havoysund,no,47.28,74,100,12.88
10.624846422099026,-110.8039362527325,san patricio,mx,82.31,68,0,12.62
53.22122868391861,-135.8738219926907,sitka,us,55.29,76,75,4.61
66.24535705078387,18.391887700119668,beisfjord,no,41.18,80,97,8.88
39.76172541048777,136.172819787606,wajima,jp,81.28,38,0,16.11
-23.715635682010316,122.89574576042787,port hedland,au,95.05,5,57,24.16
45.29036857936714,163.52761642270934,severo-kurilsk,ru,51.85,74,36,15.99
-15.45663135533077,-52.807618960228496,barra do garcas,br,77.38,23,11,2.71
39.93610808656348,-12.344491612938697,peniche,pt,62.87,90,5,22.88
47.55360929086237,-104.16430131494114,sidney,us,78.71,22,0,4
-14.746592242726507,-41.47509640547605,sao felipe,br,71.62,46,39,2.8
-3.933345012776172,116.24538828498703,martapura,id,87.89,55,20,3.44
6.233582353469373,-164.31992112208593,makakilo city,us,83.32,55,20,12.66
15.737900383329773,126.40263763319984,payo,ph,86.56,60,63,3.09
-12.978271536033901,138.23034862940398,nhulunbuy,au,86.61,58,40,18.41
54.9431057881319,139.90924508865555,mnogovershinnyy,ru,50.83,46,33,17.36
-2.374737770726753,-71.89211118955384,iquitos,pe,78.84,83,20,3.44
72.53254818759754,2.9157895233578017,bud,no,72.19,88,100,7.4
41.373851545212375,128.91037557676998,helong,cn,65.41,74,100,2.66
15.251284905700743,-98.98747009398403,tecoanapa,mx,80.82,79,100,1.86
-40.2223696541743,-67.22172157397058,general roca,ar,46.8,29,0,10.07
8.5707070404506,-86.60810736628818,nicoya,cr,76.55,90,100,3.15
3.0842249282450354,112.39654645234623,bintulu,my,81.01,89,20,4.61
1.741830415384129,15.05995102854709,sembe,cg,69.4,97,99,2.06
60.18964010709357,-29.007552553929884,olafsvik,is,49.77,90,100,11.34
19.69460983075976,131.1018137390086,itoman,jp,84.22,70,20,8.05
17.318605521308598,-86.06489872724342,savannah bight,hn,82.99,79,21,13.2
43.731744480620534,-10.956763272652523,muros,es,55.69,91,17,12.77
68.35540857016952,-64.24328699575824,pangnirtung,ca,30.88,81,16,8.72
48.071174952378186,-77.79808741202622,malartic,ca,55.51,65,13,7.27
8.384668054945138,121.98199121513107,kalawit,ph,78.82,84,100,4.14
-23.868799113119053,-79.81280508136274,antofagasta,cl,56.48,80,47,7.87
24.321770862481287,-154.20007356391704,kahului,us,84.22,55,40,25.32
-0.881977885539925,4.918860209256621,port-gentil,ga,76.53,83,100,8.93
53.77956308794535,-21.484709322661104,vestmannaeyjar,is,51.44,89,86,23.2
-22.25167419218836,-95.41473075853186,hualmay,pe,60.55,81,26,10
17.035283987958323,-86.93735613164425,sandy bay,hn,50.92,68,75,5.01
9.714416207734331,-84.93169946854813,puntarenas,cr,80.53,86,99,5.37
49.41662905259926,-103.90338981974092,weyburn,ca,57.42,47,100,2.3
9.64650014121473,47.40496444520551,garowe,so,75.27,67,100,17.58
14.122952320636145,-61.35253452766243,canaries,lc,65.21,73,20,3
41.86034163616188,91.07777898971841,hami,cn,83.19,13,2,4.54
52.921188728922715,105.31728165067886,bayanday,ru,66.63,49,5,8.99
49.60303939012465,160.7788407389723,petropavlovsk-kamchatskiy,ru,45.19,100,75,20.13
-6.2404248194316665,150.79593774165653,kimbe,pg,84.27,76,98,1.48
-3.1526481966890145,127.8049694270241,ambon,id,78.94,94,75,6.91
-26.810186220241285,6.209967319666475,luderitz,na,52.79,85,22,10.47
53.74886949674081,34.511723605020904,lyudinovo,ru,45.23,98,100,9.51
22.804571106921145,-87.01367745739728,isla mujeres,mx,82.26,84,28,9.46
5.400009910864853,105.35612835100761,paka,my,87.73,58,20,4.61
-36.1365501303446,-73.28203103027406,tome,cl,47.01,72,2,5.06
47.362074993214975,53.234138174660416,makat,kz,53.74,34,3,9.35
49.7774607882771,63.92673263392061,derzhavinsk,kz,38.8,61,2,11.45
64.2987213415177,174.16895503295746,anadyr,ru,37.9,52,0,4.47
38.783407078286814,-16.67374889117059,camacha,pt,67.42,73,40,8.05
42.95834005528877,36.23623623113551,sinop,tr,60.37,78,78,5.53
21.505660236500773,-59.301110791062925,codrington,ag,48.02,79,100,23.53
30.07113049767662,-109.79394413496003,cumpas,mx,79.88,63,0,3.29
-31.059323952182773,-80.66474849565085,valparaiso,cl,55.04,66,75,3.44
-14.388457902701106,169.50131040107374,sola,vu,78.69,77,55,24.16
15.052360397404428,-111.04383099938451,tomatlan,mx,74.21,95,100,1.61
47.13440113482034,-60.527315931613145,sydney mines,ca,54.54,72,1,11.99
-29.88570621521285,-60.338746150798755,reconquista,ar,78.93,69,100,7.92
25.822213829295393,36.06961362498902,umm lajj,sa,82.62,56,19,7
33.48908707843245,56.32091835415497,tabas,ir,80.8,15,0,2.24
52.29192439520489,100.34549544858919,orlik,ru,58.77,44,2,4.16
25.22445664606049,139.7567187957706,shingu,jp,81.91,69,56,6.76
2.438824196164603,111.27112122571242,sibu,my,75.51,94,40,3.44
32.502079105031626,-107.45814370544292,deming,us,82.24,30,20,16.11
11.976545824626314,-62.41117079136245,gouyave,gd,77.77,83,20,0
-10.019857615507874,110.59659581016894,bambanglipuro,id,82.63,66,50,14.81
-9.874687873222996,108.13076865192,kawalu,id,74.82,87,90,4.56
-40.33283604085244,0.426714831122041,saldanha,za,57.25,85,85,14.58
-55.671500635214485,131.80841730995064,portland,au,58.89,86,17,5.01
-17.53493845100749,-39.4507005320319,caravelas,br,70.93,86,60,5.08
32.295741655562225,68.30671626971014,sharan,af,33.24,81,73,3.18
47.71587041791312,139.14317196770565,svetlaya,ru,63.45,42,10,7.25
14.518229529578747,81.10129472554627,kovur,in,87.51,54,100,7.56
33.28480343344738,-68.27119124745022,hamilton,bm,74.3,79,1,0
55.78746929473007,35.552908065370474,shakhovskaya,ru,38.32,95,100,17.81
-0.8381207567624784,133.46123900959185,manokwari,id,82.44,75,99,9.55
38.97752111951971,-7.172765925897721,elvas,pt,58.66,81,0,4.14
55.244712800590634,-111.42643712536598,bonnyville,ca,48.42,86,90,8.68
31.802385880320543,-26.66731516056609,ponta delgada,pt,68.72,68,75,5.75
44.392218602363755,3.3430100859516756,mende,fr,43.56,99,86,3.06
20.875861729881365,124.02991179015419,basco,ph,84.42,76,88,10.02
6.242205845704433,-72.74508129969705,susacon,co,54.12,90,93,3.38
46.09000296751179,100.76532422387322,hovd,mn,65.77,31,42,7.52
33.59481038537224,73.50244808987324,kahuta,pk,81.84,73,67,3.67
37.351320464532506,130.81265935023924,gotsu,jp,78.94,66,5,7.09
-11.88316664721826,50.83478476365755,ambilobe,mg,72.57,71,97,5.86
18.88826965991072,154.41368139988901,katsuura,jp,77.11,61,39,18.3
57.100285566092936,-170.0314910349592,provideniya,ru,37.51,48,40,13.42
-13.94468232920002,-46.370435315790985,posse,br,73.65,27,8,5.77
-10.83034113283739,-27.607179503405035,olinda,br,76.73,65,40,6.91
3.2784056123947067,87.60197355204627,wattegama,lk,81.52,65,68,4.27
59.47579082343864,7.630177805557054,amot,no,40.5,89,100,2.53
6.825652095237999,116.11956237987886,kota belud,my,85.86,62,44,5.7
-15.21418768844893,124.98775419449441,kununurra,au,96.78,32,5,10.36
37.98347611815905,127.46057903726046,seoul,kr,78.28,53,0,10.36
-19.919687011282278,134.26476710703565,alice springs,au,69.35,30,90,14.97
45.477045435548405,87.03202801185745,changji,cn,75.99,25,0,8.95
27.966406262610505,-117.2358925300169,san quintin,mx,67.42,79,0,10.29
50.8608424709162,-52.41662993060291,bonavista,ca,50,96,100,27.51
51.767315364921046,2.264674233246353,dunkirk,fr,60.21,98,100,4.65
46.90775165944933,-88.93794330460958,thunder bay,ca,80.55,54,75,12.66
-15.718488007728837,-58.466303212685176,san matias,bo,83.12,20,27,6.04
19.524948699862435,79.17907080671523,asifabad,in,79.68,84,100,2.28
8.389494244160659,21.844986927551275,ouadda,cf,68.23,97,100,4.14
-25.491173537483732,141.96281233553185,mount isa,au,91.17,18,10,12.66
49.17640488284337,113.13421094592019,aksha,ru,63.09,54,76,3.71
66.74714511253043,35.74577698320434,umba,ru,36.84,80,4,0.78
-0.017690936184280304,-48.68122761120267,soure,br,79.03,82,54,9.04
66.01067055341088,13.496281942026002,hemnesberget,no,41.68,77,63,6.67
5.344232312597441,-33.614390144268555,paracuru,br,79.11,78,68,14.88
28.44502559514197,73.79123693163055,napasar,in,87.31,59,2,1.72
36.485133465745164,-12.015041618142902,aljezur,pt,61.74,75,0,11.21
32.382929961114485,-81.64660403110008,statesboro,us,75.67,88,1,0
-14.998995593275879,4.088194548121976,namibe,ao,59.92,87,35,7.49
63.537822125535115,130.1577262635647,namtsy,ru,41.11,60,82,8.19
-37.07114036016305,173.07155454637257,dargaville,nz,59.79,63,6,9.22
62.47059225123934,91.55316348161318,teya,ru,46.18,84,98,4.63
-3.0833332639171402,15.151860893585678,djambala,cg,66.67,84,98,2.42
42.09813824646446,-105.21850251938444,douglas,us,77.49,69,1,5.01
52.29580332903146,45.78601102155366,lopatino,ru,46.2,48,100,15.19
-41.97524014976666,144.9930217644453,burnie,au,55.92,61,29,17.05
-32.66795864123048,118.43878511979682,northam,au,52.05,93,2,4.7
8.235527353821041,24.586508250108125,raga,sd,69.33,98,99,1.86
45.459913762236596,-118.24675551610454,la grande,us,49.59,72,63,3.33
21.593073083124665,-102.7628990319197,jalpa,mx,67.48,81,92,3.42
24.439694011540254,-12.589124455575359,atar,mr,85.64,38,20,10
40.21127871385437,105.0051742540303,shitanjing,cn,71.2,23,1,15.12
50.59145318034845,-122.0200954900972,lillooet,ca,52.52,83,31,5.32
-27.781181352301502,-64.14882422147538,santiago del estero,ar,74.8,52,100,15.68
-24.83969950324031,21.108761373427143,hukuntsi,bw,58.01,21,3,11.56
26.252662155489645,160.06462109088824,hasaki,jp,79.2,61,9,16.62
61.63980454287665,-118.86066386919808,hay river,ca,46.38,87,75,3.44
-40.256022793522845,169.76896560519862,westport,nz,60.48,87,0,3
63.18647662497665,23.339736483299532,lapua,fi,41.47,73,100,4.45
3.1929348094471237,138.3142927362639,biak,id,82.11,71,63,4.25
43.826719117820005,123.75972133062209,zhengjiatun,cn,58.26,89,100,7.38
52.131964985484245,122.73421514611715,genhe,cn,59.72,46,49,4.54
53.699188948236326,-70.12722695533199,hauterive,ca,57.79,97,100,7.05
17.25039154754782,-74.82036887048463,les cayes,ht,77.31,74,26,3.4
56.509930278136835,-111.84788094557928,athabasca,ca,48.04,87,42,6.51
-31.687340683104402,-26.578449319918803,sao joao da barra,br,74.37,86,100,5.17
-0.8606031122913294,-9.206518007470947,harper,lr,77.47,84,24,1.92
59.375924502021746,26.49732129149521,someru,ee,39.9,79,2,10.2
21.46398923098991,105.74661686590639,thai nguyen,vn,83.98,74,100,2.53
-11.280211644263417,176.7020921239378,asau,tv,48.54,95,20,1.41
-24.953563059833257,7.195980506997699,walvis bay,na,45.55,87,5,6.91
48.27085331049736,140.3060323063154,sovetskaya gavan,ru,63.21,35,2,6.15
46.19584522906476,-23.238014434325493,praia da vitoria,pt,68.25,88,40,10.87
48.28563732643886,105.84352539235397,ulaanbaatar,mn,53.73,82,75,2.24
6.832797436823583,-109.21729679923362,coahuayana,mx,76.68,87,97,3.02
63.411385287432665,-58.8502789241535,sisimiut,gl,31.8,58,58,6.69
39.12896516353746,14.337945278646544,lipari,it,75.72,77,2,8.9
66.5650445207695,129.54871502167327,batagay-alyta,ru,29.98,71,96,1.74
-6.971714853739343,-88.41493660486147,san cristobal,ec,73.58,97,79,1.95
58.71974459017082,-133.38199058814521,juneau,us,52.12,92,90,5.75
-4.095263421210518,157.69793193270965,kieta,pg,82.85,77,92,5.7
-37.80473777493824,40.3292314409272,margate,za,60.48,94,100,11.41
32.817872397792684,118.49243319205829,mingguang,cn,70.18,78,100,16.73
-12.341985492210526,-64.91968413375488,rodrigues alves,br,78.48,63,68,3.02
46.06248935861905,-74.39881997876563,sainte-agathe-des-monts,ca,48.2,86,0,1.28
8.649081001384829,39.369634757902475,nazret,et,60.04,63,69,2.37
26.85117197582153,-137.7129366758706,pacific grove,us,60.31,87,20,5.01
-7.901669771545443,148.54504896982104,popondetta,pg,76.55,86,100,1.83
-15.556148605212968,43.84944010589609,mahajanga,mg,71.62,68,40,11.5
73.01597587288836,10.753685593076284,gravdal,no,49.35,71,100,15.17
65.68705229048399,47.98548038791125,blagoyevo,ru,38.23,66,100,6.15
74.43484087604,175.97303136037783,leningradskiy,ru,28.87,83,98,17.96
27.033149448126395,88.38664154350016,darjiling,in,60.55,90,89,2.73
-6.774292714701929,110.95134129768314,pati,id,88.95,48,5,6.2
63.654392816505975,118.4233792853201,nyurba,ru,40.8,47,11,1.28
30.483034429810488,1.0672184187472737,adrar,dz,86.05,35,36,22.82
-38.725803155832416,149.44526840437948,lakes entrance,au,61.16,53,69,19.22
54.00175672546851,70.74481276412044,bulaevo,kz,37,86,100,16.73
0.5618521987855729,-68.39424909535009,sao gabriel da cachoeira,br,75.24,87,61,0.85
53.42802511494358,-107.44006464473331,shellbrook,ca,49.23,55,36,9.19
37.46326967662051,-5.867339960646092,brenes,es,68.52,77,0,1.14
4.085943607892602,133.88184435087663,kloulklubed,pw,86.5,75,96,10.74
-4.239093091542813,98.06500917332784,sungaipenuh,id,77.9,62,94,1.99
26.761324756236377,-74.84489828717392,dunmore town,bs,83.32,73,10,11.56
-4.407314712103698,-45.2599868425975,lago da pedra,br,75.74,75,39,5.37
-29.47730117954191,171.49798691849088,ahipara,nz,60.19,65,0,7.99
2.9571551895299137,19.34305911412281,gemena,cd,68.31,99,83,1.81
-5.959337614822232,113.1241611957384,bangkalan,id,91.35,54,6,0.25
-31.421846331905307,162.72241148945767,ballina,au,82.11,47,20,17.27
-31.394526779480927,-50.622849998805606,tapes,br,66.49,98,100,8.05
57.6497151101982,-7.45592571790246,stornoway,gb,53.69,94,75,16.11
54.21477567339741,8.824010336586525,heide,de,51.93,74,100,7.9
-15.371746366917023,143.32520998592912,mareeba,au,83.35,51,78,7.09
10.795148138084954,68.73230781698834,kavaratti,in,81.59,78,92,10.63
24.954899464588124,110.00540465048272,guilin,cn,86.11,76,100,1.79
47.98191198320083,126.58163578541206,beian,cn,50.05,76,0,12.66
10.212779097664523,47.217709067193226,berbera,so,86.92,69,23,8.21
-1.8742422877310503,-75.35877697027604,puerto leguizamo,co,75.67,77,68,2.51
25.390332048048506,123.55433669116053,ishigaki,jp,87.93,74,75,8.05
-33.90832846496422,-77.99474152594341,talcahuano,cl,47.88,81,0,8.05
5.688375268037063,20.79378934836427,bambari,cf,68.54,97,94,1.81
7.9122927116891475,126.11458467619372,pasian,ph,83.14,83,92,1.16
53.64591987760696,-108.25373933348743,meadow lake,ca,75.83,27,71,6.96
4.759091761690144,-82.00834734734681,la palma,pa,67.46,79,1,1.99
62.77928205297104,69.4193176904231,gornopravdinsk,ru,36.41,97,100,11.21
-33.48798986796751,-56.83099944085025,trinidad,uy,83.44,49,88,5.55
58.48625921153089,95.73608527230812,motygino,ru,51.26,79,100,4.27
21.357756708479087,79.90570336767797,tumsar,in,78.01,88,100,1.05
44.42880351128636,123.94098516049388,qianan,cn,58.82,67,100,7.54
58.45513782709466,5.720336233783087,vigrestad,no,50.72,64,92,14.83
66.18578756820546,-49.671419249312805,nuuk,gl,34.81,87,100,12.91
57.93867638169243,152.55235421883333,ola,ru,46.35,92,100,5.3
-37.04731682409008,158.90302342244843,nelson bay,au,78.33,34,0,1.99
-30.304824793613655,-46.273931906557465,laguna,br,73.33,40,1,9.22
-3.091743285193246,-59.32572044596196,careiro da varzea,br,79.41,76,34,1.36
27.33003938797927,61.35986464661238,iranshahr,ir,86.34,45,0,0
17.13123651474099,8.526710172010894,agadez,ne,80.44,14,5,9.51
-10.511091663244969,-84.50176709280646,chicama,pe,59.54,82,54,7.07
-17.854017744019515,42.48912103328493,morondava,mg,65.44,82,6,9.64
-17.790761735317645,-31.499493740216565,belmonte,br,73.9,85,13,6.08
53.436072165258565,44.20297513869761,kamenka,ru,46.94,92,100,21.05
-21.711374968804392,-67.48479559887376,uyuni,bo,50.5,27,16,8.61
-17.77683444483648,21.6339532833247,shakawe,bw,72.46,26,55,5.59
54.10565522008372,29.212759635277195,senno,by,35.33,79,100,9.89
27.21107315672296,55.266321962271405,bandar-e lengeh,ir,89.71,79,6,11.5
22.5566162643439,73.64274271184038,shivrajpur,in,76.96,91,46,9.48
52.53782112765208,-73.90560689420045,chapais,ca,49.78,71,90,8.01
46.62332924715085,2.4309292820824453,montlucon,fr,55.71,99,100,6.08
-29.904263751647868,-70.89574548681841,vicuna,cl,46.13,55,0,1.01
-26.732681759398204,-87.49446567050185,coquimbo,cl,53.33,87,0,2.3
12.458770535232404,-81.06956716046456,san andres,co,82.42,83,20,2.3
12.522459766319713,100.58543301297925,sattahip,th,82.49,83,75,0
-24.934249817052702,162.49715788176377,poya,nc,76.21,49,0,8.88
-7.774363628426201,-78.07555509611441,huamachuco,pe,53.49,72,44,4.05
-22.2187078603242,-73.86858945014232,tocopilla,cl,60.8,75,45,6.02
29.926040392107723,15.329090418488306,hun,ly,79.52,27,0,6.58
35.388524725550525,121.25213759188847,qingdao,cn,74.8,94,90,15.66
16.169921665278622,-161.73805921682288,nanakuli,us,80.74,61,75,12.66
22.69114565258876,13.192622855363169,marzuq,ly,75.74,41,54,0.72
15.731133491809743,117.2742513527835,aloleng,ph,85.12,70,100,1.34
1.291604447231677,109.85972183057896,kuching,my,82.62,78,40,6.91
55.16629753680985,60.45288193958859,chebarkul,ru,35.78,64,55,10.83
-22.13805190800055,-65.84725358394425,villazon,bo,52.23,55,50,4.05
43.68651408186025,-81.08932662508568,listowel,ca,56.91,95,71,6.96
-18.603939058341993,-48.1290963054021,araguari,br,84.49,24,66,3.04
-30.60759157430006,-69.32052724022205,san juan,ar,61.74,44,14,19.17
